{"cameraMode":{"drawMode":0,"name":"Shaded","section":"Shading Mode"},"sceneLighting":true,"audioPlay":false,"sceneViewState":{"m_AlwaysRefresh":false,"showFog":true,"showSkybox":true,"showFlares":true,"showImageEffects":true,"showParticleSystems":true,"showVisualEffectGraphs":true,"m_FxEnabled":true},"in2DMode":false,"pivot":{"x":-0.9915164113044739,"y":1.2192394733428956,"z":0.6817033290863037},"rotation":{"x":0.06744404137134552,"y":-0.011972518637776375,"z":0.000809190736617893,"w":0.9976523518562317},"size":1.810486078262329,"orthographic":true}