{"cameraMode":{"drawMode":0,"name":"Shaded","section":"Shading Mode"},"sceneLighting":true,"audioPlay":false,"sceneViewState":{"m_AlwaysRefresh":false,"showFog":true,"showSkybox":true,"showFlares":true,"showImageEffects":true,"showParticleSystems":true,"showVisualEffectGraphs":true,"m_FxEnabled":true},"in2DMode":false,"pivot":{"x":-9.526784896850586,"y":1.1887550354003907,"z":-0.7162529826164246},"rotation":{"x":0.07338223606348038,"y":0.03739006444811821,"z":-0.0027531140949577095,"w":0.9965988397598267},"size":0.46764910221099856,"orthographic":false}