{"cameraMode":{"drawMode":0,"name":"Shaded","section":"Shading Mode"},"sceneLighting":true,"audioPlay":false,"sceneViewState":{"m_AlwaysRefresh":false,"showFog":true,"showSkybox":true,"showFlares":true,"showImageEffects":true,"showParticleSystems":true,"showVisualEffectGraphs":true,"m_FxEnabled":true},"in2DMode":false,"pivot":{"x":-17.430784225463868,"y":0.25153350830078127,"z":-5.108379364013672},"rotation":{"x":-0.003696617903187871,"y":0.9961466193199158,"z":-0.07034461945295334,"w":-0.052346501499414447},"size":4.262912273406982,"orthographic":false}