{"cameraMode":{"drawMode":0,"name":"Shaded","section":"Shading Mode"},"sceneLighting":true,"audioPlay":false,"sceneViewState":{"m_AlwaysRefresh":false,"showFog":true,"showSkybox":true,"showFlares":true,"showImageEffects":true,"showParticleSystems":true,"showVisualEffectGraphs":true,"m_FxEnabled":true},"in2DMode":false,"pivot":{"x":-2.921152114868164,"y":0.8844670057296753,"z":0.4680349826812744},"rotation":{"x":0.05545154958963394,"y":-0.0269552581012249,"z":0.001497339573688805,"w":0.9980979561805725},"size":2.1764369010925295,"orthographic":true}